relative_path,bytes,sha256
images/DJI0090.png,32217,c83ac8c946834e1c2b93e990a619111c39d59e8bf136cf9fb33d739ebc0979e8
images/DJI0690.png,266199,ebbdd5fbdd64384b4359d79ea478d08a68d77fb6a5116f84b89f56b069cbb558
images/DJI1280.png,18265,38747d4768455e6a2a28289f339a28ea3fa197a15cb18ed08c36052f8ca2e318
images/DJI1320.png,16444,677f3eb31a990e5431bf9bd81a4a24e92ed309aa164fa3cf618b53070b565d72
images/DJI1760.png,213030,aaa2ec4fb208be79174cb6dadcd27429ead840c4c7b3ecea4059d7813bc265cd
images/DJI1980.png,234712,5653c5bd3a38c137f23f4338eeeef8a0f476081fd0fac076943300a6c3f73603
images/DJI2040.png,19149,84aedf6c5cd40b7d86537c0a5e652323d534fd872af379e75a2ea7885eaadbca
images/DJI2140.png,257415,7f80dc76ef8d970e0cce85205735aacc998c6a3a59aa6b465e7fbad59ea1efef
images/DJI2180.png,30145,7a30806ce4ee0ac8ed8285179cb898bc813f8bf1ed1a2485fd51d48505044447
images/slide101.png,350872,18e3d5485f35288f2a28cc831ced535ecfdbd030e2b71681de703e8094295f8c
images/slide1014.png,241415,9f475f2768740dce92c0635da2af76637e09c9f433a7e3251dc61f838afdb337
images/slide102.png,337796,c0565f7fc7c75adce600a52aa0e817e68a71a30974a099cd6482131f42f11c48
images/slide1028.png,292252,b91f7ff911296f1c2c18c9f36d9ff9d4473e8ee9b5c7584593dffe839ed80c1b
images/slide1029.png,269372,58625999f8cf1654605b6c52c47a043ae7ae85c6de2e56544ff3c48a72075c3c
images/slide1041.png,235980,f410ae574a9e546a9fc76b3ad26eef8a8e0299a384d7d9944db84dce0bb8e58a
images/slide1042.png,228904,d0f149688750612ae18f1943e7260123da13428cc903e35f5db908220a2551c1
images/slide1048.png,260807,d8ba6d80647c66a3b0c5c1368eaa6699d7f4368e771bb3f3bcb09b8ad1fe3ecd
images/slide1053.png,259881,8609a78497c6337daaf57c859e34b89796983abc27c087163de4c48969ff49d4
images/slide106.png,314318,94040901e945041a7d0ecc098b8fc3c282ff13b5a3b07af8fa6b8bbfc7110e92
images/slide1061.png,296297,10efdd9dbc52649b67049d504240763e478ef9d05c38c8f5835596671150ab77
images/slide1062.png,223216,f21e2dbe3a2ce14a6bf49352b4d429ac82b306a385d52b26a0b1bf0f9584bc7c
images/slide1066.png,210807,b19afcd22c97484adb50b82e3434b2f39db55f4bdfa55864da20ec1b6af7aeaf
images/slide1067.png,231249,76129050bcd3e8adaa4431528f99c727f40d4eeda3ba4e50f88aff3719213f98
images/slide1077.png,229049,487635a3bdd99f1bcc0bf62eeee5b43da555dad82b9617b71cce846f3ea72290
images/slide1085.png,257336,82faf3a2b68b370b1e78df440d76fadaa1c7da9c35b3bcca3cc958a200548e63
images/slide1089.png,233760,95d1e3452ba9dcdfe99455e84909d855d47bbdcd98c6431b127916e97e97c282
images/slide109.png,355906,499173b158c5029f80f56b5ebaf49731313c54ce98563cf169831bbccd405b73
images/slide1090.png,220976,2723ef5e157a58a9071a67190ff8b51df3b7f3aab781cf2d14bc5cba61007012
images/slide1096.png,285249,e657f9a31fcafe6fea83f5292328a37fc2e225e97e19a6400435e89125c75f98
images/slide1101.png,233574,2266b91b364510d65cc58a716c3b664413ce59eebad559b4d34429cb8ac324f6
images/slide1102.png,217837,909b68a022cce7e5675711bc0bd2845de2f6573c512f7b3135d62659abca4a8d
images/slide1114.png,210985,85a985df10a36d1bada915b37f8a3bb9bf5f84142bf68e9d0fe7b8dad5d751c8
images/slide1121.png,283610,b6799cde5121da2a2a81db9f27a8d105c00cd605ce4b858604aec9571741ca49
images/slide1122.png,284301,158b3bdcf7ca8d2467b1fd667738b11dd5e7ff82cf563193c1e9c2d5938cd116
images/slide113.png,349750,f9f407da798da9ae468b6a8e9c0d221b91c29a1f3a39df1e44891c3d785a8460
images/slide1134.png,233871,fb2d8409262dd6c64301933a644f01700d1519bf5b9597f4dbc5497b6c70a3d6
images/slide1138.png,207266,9c7edcbcd8ca4dd394b85a8a77a3b1e47e94a6634e95a0c69aaecbb6b13481a0
images/slide114.png,330126,73d7a0542d925f5b16736fa323cc2def2774b3a5d1c2f4e708aaa53d308f31b4
images/slide1144.png,326997,643225fa5988f3f1048e4fe818ebc7342e66692f4b86f04a4e7cc836675a5671
images/slide1145.png,253459,7a5bb48195c238c7198fc902a5658661425065ae6a658d9469164c60f46f6711
images/slide1148.png,279338,5731bdda91eede11e352575dd66abce48186b02b3203ccd9fcec872195bfd23b
images/slide1149.png,236142,882426d805d909ed29671331b044ad1f5bf8d1137c4ddc78bf35b8947179575a
images/slide1158.png,234218,d0b52bb84e6c85703eb8fa60d3212e99da9901ea039c8793897cbaee87967d2c
images/slide1159.png,252426,21f486ed1ab92f55feb37f48601e1d796b5ca40fd98e24293efbf6667cf2394a
images/slide1168.png,273802,c71285c5430af5b9e2876f05c67bba66302c6b9de8c2d4b4a3157b16a34e5ce6
images/slide1172.png,251930,3a85cc366995e1147150ab35811415e8fd147fdc6c3da5e211ae162522ca66d3
images/slide1199.png,238984,57037ffa3487e87344ba4a21b657e899f4ca05b18ac6b7722a9c57325a55e8ec
images/slide1211.png,232556,2b342e60bed449ed074fb731894b1ad66f9b40bce2ac54b9905d3ef53609389a
images/slide1217.png,228738,f04c1412bfcb675d2eb54ebfa9dacc298ac7ed612c49150800650c5657f0fd81
images/slide1218.png,229733,8a48e07252e342310c90e2c1e6c39f9188a53edd5729481e12cc046d9a1efc70
images/slide1219.png,224152,d7ba732d1f14dfc298c038571dc14082af1c3319f2b05976675e5cb3281f1902
images/slide1230.png,227861,131609d73cd7577f97c56b9b94cc19df2aeb07deb156c0c97019aea13a3354dd
images/slide1234.png,217411,b9ff2ad31e47e23c1a6fbbe2b645645f8d708939ae55c79f2f6dd1204c8ed45a
images/slide1240.png,246525,7d20aeda625b4815594bfceaad0191069973b6bf1259214da4eb3ec89c5ce7a3
images/slide126.png,271395,a80d0ee05d8ddffdeb16cc248e4551231758bfb813cfa76e16c3d94dd901f488
images/slide1267.png,212196,d9d71df85ae50dfe968c1eba58b466ff31c2c5e70469b362e547b9b15ca33261
images/slide1277.png,212900,6efd6033b4abcf01a8cc9b85af7375661a2fc76c467aebc59ae4d5611bfac021
images/slide1278.png,202480,eda662ba157383a5dab99bb2595776af2b0ee533e70f4000421675981927eea7
images/slide1289.png,232630,bc23f2d66433affeb24fa4432a7e5d7fda359186a24d7b488b70b40cb06cb3bf
images/slide129.png,255930,a1dd9f7aac8913aa9044783c6c54aa4a9d3f2a862c9d687ce13786664e8ee433
images/slide1290.png,216178,ef5eea381e64a787881cce643bc070a926b6bd18b2e752fd387afd973b89ea3e
images/slide131.png,245426,1e2608370f3360eea6691e94b9de7442fd659b2489d294bdeeae5f1aba1e1002
images/slide1313.png,236069,b4960c04929453286eb634814c41841d954c218ff81f2eb3063d74627058f464
images/slide1319.png,241141,cf730619f56a0f26f902541025e44264f9cf30b884055c86ded2731e50a20139
images/slide1328.png,259730,a55c42b372a2193d407e910fb4d4ba1351e844cb41b56a6e1f7b6f0219d7c001
images/slide1342.png,228107,9238b73b82eea6f6d13969fe915ddfb919f70b425c892019d0c976b78a4374c2
images/slide1361.png,236591,414f91d411431038a323f53302e65da59a47162e5832b9fa4aa98b428d883a52
images/slide1362.png,207302,1fd49f01131cbf73cb88ecdaa210faec5715fa885e41f6b5ebbfbb5ab9fc658b
images/slide1363.png,207978,8ac1b187ece6d9e34fdf7182c8ee28398507a801c6f6079c880f37d77360df04
images/slide137.png,274685,7820ecac0ff7ec2b5ecca425b8f86b1e6ad50c4ba317a67ee2fc0ae33730e1fe
images/slide1374.png,219740,2b687e5a05d5520482ff5f1c897a169c47615d749aaffbe85139c1db5f44b109
images/slide1375.png,223866,094c12ada543a7e57bdb95b0b411fa9756f49f110042a3f6ddbaf6787975cd50
images/slide1384.png,251344,73ba6316321e7231b48c8ab6114b364b2c4238cb1583f00d5aef7a70fb94c2ca
images/slide1385.png,232043,5c65b583a5141ff56fa0b5898925451da708f68f2e6669e0879d24cba716fb0c
images/slide1386.png,214395,cf3fcb8b6aaeee109c3c717f35a64b84520b86e88fe8f2a04635a929ebf1f93a
images/slide1387.png,215782,b2aa5474a0e7f4d7015edf4e52f8c22805519cec5f832c74318fd209a5e0e39a
images/slide1396.png,271623,dd6270ee3259c07003e589075804c420dca21efb6300d5f20a1cdbd82afee0b2
images/slide1397.png,247039,d0d48205ad451ffc4ba7f1b6f51b796204eb2bcf18ed504083725cfa4f54fd94
images/slide1398.png,245429,39ba2b4ae20441dc87a08b1e0e4ba94747dccc25ca85d56bf76895e7063d8f4c
images/slide1399.png,241375,8af46e8ada9f3929003bda52ee58ddf631ff22261125c0445226982bc4bd6260
images/slide140.png,281683,cff3394a944772967451660abf6a1d297bb2e911a3a069305be81367b0003487
images/slide1410.png,222379,b96d975c06804fbf9e5568dba40924223f1c715c1c9a3a41c72e220c9fc36da0
images/slide1411.png,224951,5003bfe60ec8ce2dc84a80cc4255dcce611d57465e7cbb1447c46c05abc591ea
images/slide1420.png,253221,d4dd2ed9cbd4b290f508faf5e2e143845f08ede097143cdbc2ff34f02f5c32cd
images/slide1423.png,221487,8f8b324ef75d043605315fbaac60992c0f918ebc2e258414a43e478b69a5b3d3
images/slide1433.png,241773,388ded32c02e9fbdde5adeff17c5bd8149627122c267064db5905c5abdd9f416
images/slide1434.png,229026,b4aa3c842106eafd76abf91571969eac96892931d2fb373c9d5265aa976d746c
images/slide1435.png,220351,ac9ca3015868e11e43f5680b9f53d0cfbc58d76f01c31c88ecc281ca2ca3a2dd
images/slide1444.png,252164,5360a0fbae70049bdd16f2558ceb679bf9217b38cabb6cdca3075f0269cf8b50
images/slide1445.png,244473,b4c853f1e34bead1fcf6efb2783157f5bc92d126981ccf65612dfb5a38cff6cb
images/slide1446.png,214402,87f5507193895c55712f6df6e1174a5c13073e8a9a9891d924154bed0ecfd03b
images/slide1447.png,228946,f8dc05df882c27e5c3652e63fc73298d0777ad42bdd22b493ae1d8352bb39a16
images/slide1456.png,245759,8377fd20801298c4ec572633f1a81bc50b1b0e1b54d1e47a6fd8900387e76e3d
images/slide1457.png,235710,435562989b546fb329910eb5ee553ba9a67640b23958682145042937d21e9a7d
images/slide1459.png,220430,06d1d71b972d18ba2762ca081d46947281ec50ffd6643b8241dba043e3934f85
images/slide148.png,283022,96cbcc771719da5bbb4101286197a0e95a70c2ccecaac813518ca3d4dd748371
images/slide1481.png,215717,bd1806409391c179476e8549603aa2d4350fd974af02399826aeb085f9dfe429
images/slide1483.png,209248,f3419bdeacaccc5e86eb6f809b06409acb243eb38175beb2d8186fdc37325c6d
images/slide1492.png,280252,e225eb220e3ed343c11c71618051706a3064d71d9b2b00aa340947a9da332bdf
images/slide1496.png,284426,e39ebbd7526adc78530309f09cf92ca7b347bd0322774de66b136a1d98622b70
images/slide1497.png,257508,720d7a48563f75258f83c146cd7941dc4022ddc8d9baae8a0c9c429ff4e92236
images/slide1498.png,220385,9eeebdc82a91262fdc695e2bb2164760ecc08c72b81e41e7163b51b9bb2604fc
images/slide1508.png,260682,1feef1a0cb0db54cb3cdb5647fa18a9dc4e9cced1455da2620932d4be330b0f9
images/slide1520.png,269229,6637e5e5a7116c363b1d7def9e0c0c06046431637f5b69bb5462005cc0815084
images/slide1529.png,268998,71447162a1fab26eb18db1ba3f30c51776d75c8dfeb9b9098910ed1c96bc4bbe
images/slide1536.png,297432,4a30f93669eafa3a767651fbb69efff6f0201e9455c72fca7ff1a4ffa1044448
images/slide1537.png,275944,d705ad7ce3675d5d69d464d1cd9ac7cdc3ef786ea7603d60cef9c76236bb1357
images/slide1542.png,267989,cec82b26de12ab41b4e9acdd74c08778a469dde43cc5b35ee41c0b7b8a154e46
images/slide1545.png,233528,c72483819d3c48716a3afba611b7ce2c4b9d51afa0f526f6bc454cad84fe3693
images/slide1546.png,254415,a37f40ae76cdde40b17ea66c3371e7bd8cd11c8d19d1a67146645c0b9acd8378
images/slide1548.png,306839,27aee1ae454c7fff6767b4e207ff44fc204581e8764103156d0da04c31dbdef5
images/slide1552.png,291576,2574e6e6120fa9dd32c6543c3a16b6b4e58c512de6dcca4b0c1c8ecf2cc905ee
images/slide1553.png,257660,c0bd2658eb1c7f4a4462b1c10120783842deb788de52cb51859da28e38e6ed6f
images/slide1557.png,260078,77d68d5af7554dbdecf6acc3e143b25e35f477fcee7973483d736d1a89ea1c3c
images/slide1560.png,324241,a6922635409d143267677f645d41b16c823630ae5d231d6679c8a46f09fdd4de
images/slide1561.png,283402,7b05106adef4ca8d52f9ca85507617a357ee6582cef4a458514e552e7c648228
images/slide1566.png,244390,3eb1eb4fffc0ea80a1301a6c15656dbc099feea38df72827463af7f0fc6d1919
images/slide1568.png,314351,29c23cc1f43d37ae02f29c6e5fb1d40b9d829f77d23f9e619455d2a5c5f0ee77
images/slide1573.png,356375,cdcf0a5e3d9738e5c4817012e48f83c329d01db7c74a2c47f86ca97982b87734
images/slide1574.png,319402,0a2a35dfc54de5c1f1c87ef8843a864899a9a9d314dc5e428b19c97c833d4b29
images/slide1575.png,284636,2bebe724e3ed9ba8f73bf59f01f84f169122c96707b969aee9be9f9e18a473d9
images/slide1577.png,352697,f56c11607b68d29b253d0efa9b149d46ddea7539dc3dd4a4b393c98b45a53b2f
images/slide1581.png,309825,a5e5621961a2f72af3960efcf71f44645c47bab640a5df45b02a1d17673a8ff0
images/slide1582.png,274975,030001b22717b98dae807386649448856bef54eb78480b64051632ca846b01a2
images/slide1583.png,273704,98bdd262210571b2ed3ae33870c135464d71fcf213683ed2f4c31d71f6589c34
images/slide1586.png,335003,aa630ca5498f4fc249c4aacbbe89fffb7b7a15ababcb6d3552eab9c9bb5124cc
images/slide1589.png,352473,9ef2f3cfa64167d7e567820692e40ea32c3eac7eb4d1fa625c295c6870d6a425
images/slide1590.png,330583,9a1e1e62e879ad624721207e4426bcf4169b35d11aa0f37490357f83ab75d9e4
images/slide1592.png,334373,6af193345a129d46494455bf9ed3b16bcf40c376c3ed6121da117ff643a85a05
images/slide1593.png,325105,332dfee23497ce94f2d4b269dd691f2ad7f3c2bcaa55d4a2765860d6a0fde6e8
images/slide1594.png,291668,15db311bfaabfcc75b20fc9e04cfb3dea32804344b397ab333c7492abb83bb87
images/slide1596.png,339527,2207ce5bf815ff8018037ab5c85f05af549979a1e270eebe840f0902cef0a76c
images/slide1597.png,345077,e32579f4655f58c348a98da56d354e5de4eaa1383750fd8c9033dd16e07e425f
images/slide1598.png,330380,a0d4c170388e952ba0ceb5cf2d0016dbab906940c467dce2fae21972461b004a
images/slide1602.png,316451,73795267a41bb0055fa3436ad593a466ef629ce1a066635e824863d844755fe7
images/slide1605.png,320823,2c14db4dd5bd395aebb7fc4463a4290a0a6e74a4d83a5e8aeb3676d3a21cc624
images/slide1606.png,282017,aa031c2deb432e5c42e0d25510b20b4fb0e832952e88dfde3d5332eca71b4f35
images/slide1610.png,311986,c293e4fcfb176e6c3aee82bdae3890b468e5deb8025ad0214d3eb22bd0a311b3
images/slide1612.png,320936,47d0340595c11a84efd6818db22278d1f45eb91ffdc0b9ecc6a4c7ab0137a009
images/slide1614.png,306443,bf97de255706b2ff66f104f9b74d66599395b9bfbf226ba5bd7a7f76c52e7c3f
images/slide1615.png,311615,b15842ffc83909890fd06834b007595c65e75c29bd23fba1dd4cb1c8f3f20ac7
images/slide1616.png,331082,103106c724e1f34a0577d51f62c3a94eab069fa81072fd84addc7f63f9119257
images/slide1617.png,316113,5f8be0903a74b4298a2a52da53fe81b1475429e19434847450039e1149ea3df8
images/slide1619.png,295316,1bd4d33e2fc0b00291170a5c155214a6f0a4a3afa59e78b8989de199d955c20a
images/slide1625.png,300437,318283b8ccc2b96da35819e17228994459c98be47ee0d44a54d3d44e1f16f4a7
images/slide1628.png,329493,270c1d3872d579ae72f26577ea594456b34f6b94839f6ff7fe64cd2ad0208d93
images/slide1629.png,298969,5d3000cca39894ea85a712a327d3a5802b3c8ddd758b7b0043fbac571734aed9
images/slide1631.png,257882,f69467de54f937f499ba01265a2da26e19426f61052edc38162742112e09037a
images/slide1637.png,252979,02c4cff5888506fb5eefad7620d0403c69764b0b58ea68c99fab1e2de5867864
images/slide1638.png,259694,f1bc8e116483462c389f3176e3dddf33cb0773ea8288a643ebc0f2a91dffeb4a
images/slide1639.png,268961,97631aae5c9bf870b8346cb0c997e9653fd91f08c8e087c30f2ebb56f10fc24c
images/slide1641.png,271713,14ab41fe4824fb0eb0e5f246e0449f73745bc98a6267dbcda17804e07a10ad84
images/slide1642.png,239199,6ec630626fe67410229b7df1f6917f8380841d421c0c89e5a75ad9fb0cc3b71b
images/slide1654.png,224902,3f7eac114f84a075a59d1099b419449748f86aaefca51ce70f62a73f640a7329
images/slide1655.png,220112,9d16e7e8e0206ddfd030fb2e6529ee0eaa778353e0dbfd9a6c72e92f604ef4b3
images/slide167.png,267241,0d5bea30db78731cbb1fdd1f3057caf0557d3b615af76e40b2b8957ff938e901
images/slide174.png,320030,b9b2ea4df501328c6adf565b36ef68985b83f2697607881ea52c3d676eec6d42
images/slide175.png,321384,795c22315e0a8bc3f6679ad0fe56fa8c833bb64842dcbdefa93b8c5bcf8817d9
images/slide179.png,300401,58be45815027019cf616218b7528dbbb2f182714f20c7bbc6ef794ccab54469c
images/slide184.png,357328,dd5f7b1bd99f3a3d5a1aa5a2b952a1533f5eb442886eaee789f7fb455f635e5f
images/slide185.png,342162,5a5a4964c0929d771b6e738364c4d52a4a5e01c90f8bd36ee3ab325882f6dd9f
images/slide189.png,314660,cdc49b50096a16d323526194ca94d436c3ae88c4c50d37d263a5cd8bb85f4357
images/slide276.png,285747,4c76e4bf64a19f8aa0c2f8c80a34723e71d25b661b6efa2ed646b26e7941868f
images/slide277.png,269324,80036bb40212beb34c4d8f0c3022fd977653003a7a5352c2104830fe93cbd5c7
images/slide281.png,309621,15564a761aacacad83786f69b405e6c5414a47c3f07decf16b814e554027ce80
images/slide282.png,280153,3d97a9f726876841ee35ce071c6158da6dac4b631261b2a40c3420a2a658dae4
images/slide293.png,313314,fd6fa11b0608f78ca4833c15fecb1c5456ee9d9674eb90153a22962f3bbbe88f
images/slide294.png,310674,72c1d64bf14c2025d43ebfc26d40551a699861fffc3595f2f77207bf2c82fbd9
images/slide30.png,266488,75e0169194f85f66d6fcb1682334aa0097974f8b7dae4b097b8e6ba41ced7002
images/slide306.png,277395,fc288ba455da182b8d45d74f0668ee3cc11209495feca0ad8493709af4737df8
images/slide307.png,279355,fff8e24e951816ec4ee79d59bd5d173c29ef14931702e898a7efaf0d28aea906
images/slide310.png,221675,2a9fad9b04a78b03511ab25a30a4fa3bede8f710d1c3344f4cf6f2808902c74a
images/slide316.png,316336,21dd536aaf7412a31ad049ff5063f8ae38887147408ec086c3ae2f5550d32cba
images/slide319.png,270982,7b9b309d5f1cfd1e1a646a8851720ce05991c829821c835895813d2d9eb77754
images/slide330.png,281091,bcf245be4ea512147e4b67a7116772ddb441542ef97fe66d9764b0dae4cf22e7
images/slide340.png,328780,ab8ab307dad0f75af394af694f53a3f98cd745294da6b4513857fac4a390ad0e
images/slide364.png,310289,9d54340adf995cb1f2017cd8622629dff9f5a88472121acf9efc4ad792ba847c
images/slide369.png,184387,463a25f71065dca3db13e7cc98301d3542b53135f83adfc0099c20c133daba46
images/slide378.png,256341,325d79c72a43769aa06f489dcf0e51b9398ae9aa1cbdb565921ca4a7b0e9191e
images/slide379.png,245871,4dd87567c1d0f9a1e336b125beda046b859ba69dd297fcc8c614b4414ff112b7
images/slide381.png,249189,90275f7445b9a49e52786bac722212b874272baa4f031afaab41b176ee72ed73
images/slide389.png,259395,401d49dc434c27c0010780b357fbfdd426837929a157d1fddfb4f91ff9328dbc
images/slide392.png,263494,4f8d0698b3053836815e2501165271fcc9072ae34ed645952e6098f3e4e62464
images/slide393.png,245225,42b63d1e2a4904b5961dc0ef88974b6e481eb08c0f730afd9cba222a2419b34b
images/slide418.png,227288,438b51d8a25326e5beacbe2daf1f4c0eba423bdf85c55046d0b787003e218388
images/slide440.png,219827,5a87656c96c4f66d087ce2e73a9b3eeff809192939d46a6548cfe4ca41fd5410
images/slide462.png,207485,ecdbe8a217fd6c7ddfda5cc0f45b1d9205ada56adae081bccb19ac5c193d03ab
images/slide463.png,206316,4a098be51e347e7209ef800ae01154ffe101582f67ab989279ee484a8da27e9f
images/slide465.png,203262,af4a3a2ff6c3cac27cebaeb9c40b181cd633c284b967e9ed2eb6e84c060cacf9
images/slide466.png,194055,a6481ca8ecdc6637a374e032338bef27315dedb38ee52325f65d7b43a076dc5f
images/slide477.png,219242,7546f8d1f83d8ab76310169e7078e16e82fa9d296f5dd407344f5f059b7b9dbc
images/slide479.png,207246,c93a8617f16b3486fc2cf7dae20c042cc432cafc70f0c10e0580bcabd5b017cf
images/slide490.png,246802,da2513e0b2758810a8dfd9f1ae40c6d6b139ef211a72daad1d6afbcc0a7f6791
images/slide491.png,253161,5942e184e551abe9b1ff0b74fe1c589bc95604dc4f09349631ed0677d3339f07
images/slide497.png,301132,787efdf1a1433845e314138de283fc38bb9e8db8d20b6b85e348bf580d01fb61
images/slide498.png,271083,d67b96771693909e42fd3d2ceca9520f2094df051cb0c137ac9844dbaffc5d1e
images/slide499.png,263703,1b53082a9c7395786b7ef2e4476d329d58c60bc292d94cb3f3fffec85ad72fa4
images/slide508.png,321067,949e4aaac37398fc299d52bb9a277b03785eac892c580b931d17eb6fe118c6ef
images/slide509.png,277834,7f98f53ae8a1325fa546a213458c1d2b9b49054dbd9fadf2d5e7aa35bfa682fe
images/slide521.png,274229,a2da9ada5c76ba83eda2a1bab45c0f8a74b6afe3e554febc7b392bb080d67289
images/slide522.png,238878,5445f3e971acebd0c66ef81ab83c26c7082bf6537de81527a8d62968740ade0a
images/slide545.png,265417,f1109899ee9d65fe4b275c4eaed857fab32daca96039dee3068f16837afa51f5
images/slide556.png,267952,1abc4f2225925814c733535789dd4625a81696d2e7679c3d22907312765d923c
images/slide557.png,242249,4d71c8c548141d8da11c6a5e85f28ad3cfb71a47f35c9fc81cd3c8a17203dc63
images/slide558.png,233990,f68776b928da5c56117d1db7ca3c492d7e83744306cf88f612f79cc6fb4d9b66
images/slide569.png,234430,0f5a0a3f832bba1f067b3c1efb6f2686880c8ac98130d45286112914d181a968
images/slide570.png,231149,ed4ca172dfb8aa2b2643a687b64ce4926441da54483b08e6df8cb6343e1e0aaa
images/slide571.png,225608,ef0e969b85cc0c274915973d0455df0e75aae4c3f7b25982df3526b5a70af2f4
images/slide577.png,254362,5b755df36e5644b1b48a659f92197c7500bcbb912b707eb398bd2484764eb2a4
images/slide578.png,214621,a0ff2f48cad358a68317a8b6542c2c0c01689549eb5c040bdd7e2039ce35b8ce
images/slide579.png,223779,b8abc42557a7c77b34014c71774de50c409f64a8f8094a4e56a1a9cc6bf9d40d
images/slide581.png,346022,cf6ae8f0d8f0764f8ade7f94e5f03ea95ef8a8c82df2968e141d121cd42169d5
images/slide582.png,246636,e32efe299b751a2c0770158bba66ae46fa0bb7d67f980ff7d39eeb98e35944b1
images/slide583.png,225715,64b52e7e5da98d0e9c8732762342c0c8f0f42aa38507bd117d0e0ff991e44784
images/slide588.png,253330,47e93d270bf39c1146f20c7cc109851e9b036d3e5135810a452d2598eea7f95d
images/slide589.png,240045,be74da19ea9826eb5bf256b9457902d0c9f0aae7d60d9f29373358fe6a92ab6d
images/slide590.png,222838,2e624a81e6757ff3c9c57678f9446f37ddc4f775b44e2716d85e06d8b825b216
images/slide591.png,226291,dcaa05de8d767b463c69dcfac1d347e52657844dfc300b7588d6cb3777e1dc4c
images/slide592.png,258034,217d4377896d95f888a9ce50d1c67e466c4c9b9f4b13e47c422ff8e73fcbb6d6
images/slide593.png,254191,3e228a11ba69a3c6cda08b953f6f5378fbaf9a28ee76252c0cbc1576b32a7176
images/slide594.png,218625,0d3daba38e07340371cd0e3c5dd53b19d150a55ea06296235d4b352f2edeec68
images/slide595.png,293254,b6cecbbf39e7d6a467477855a5956be27a990d59f91a5c96670baab9a4b3cc81
images/slide600.png,255552,6c03c4c9b613d8bfb0e6cc432378bd85bc4aa5cf71397984056ed8ebc033f07d
images/slide601.png,236906,5317aa1241b2c8840c2b352b0adf9f389c956c7e8ff5605bdb3f49f48644665f
images/slide604.png,247201,679e030d0cc2bd5282b03cce80453d2b56e1bc3f7d6a2db3eefc5843cadf856b
images/slide605.png,241722,00e2c59c98e4c5cdc723370cfbc15828ae432928d5b25386ac7cb431fc7ec94c
images/slide606.png,209298,f070cdbca57b9ad8df2c89fa5b3531612629f02f95be972b3bbaf5d0382ea149
images/slide607.png,246038,238e0bf879954d369acf7a5c97879add2e4f4e8ce81fda4186dbd26b6cc4ee37
images/slide614.png,230023,03ecaea79710a4c49a94612c96a98f8b52e76e6211ac00eecfafa21545b598b2
images/slide619.png,234023,abfe857aab225805da83a52ef696c6711681dbafc1ab6e4a6cbdfff86b654e58
images/slide655.png,281190,579c813700d1b8057c93196fb77f38faa055d3c4831e9d8b06ecc94b049be471
images/slide670.png,276864,8eeb538ee1baea658f67abadf658bb591a66b3c0bf42efe54340868c98fa3b01
images/slide672.png,287376,78a89e767633f474768539b79c8b6ea0edbdcc59b51f5252c0fffa6cc10f6b5a
images/slide673.png,265991,20af585a886c91f02f7cf2ac3fad42acf580ff02e380ba927c7375894b9236ee
images/slide676.png,290868,37a96adf7c8baec8e655c33ca7d0191e429c9377d1ac447c43b1818275f11548
images/slide677.png,275938,6621eb331af3a1a744449f1483806827cc98778ca9dd1e469c80da4f212cc7df
images/slide680.png,279716,291c5e4453dc97f820c287070e86b12102a12a614de66966682f849e401c42e2
images/slide686.png,250624,9bd9a7d1d376d7713a629dc74df14c69c45f98f891f6e97cd640af39058f98cf
images/slide690.png,259829,f63136fd0b83403b69f9922d4229b1ea153810346af42826e5ec13921e9120ad
images/slide694.png,239899,37e34c2dbaddb340a14f672500110de7831891341f22653d9c7336239d1d15a8
images/slide698.png,267673,8e2fcdfea9263ab5073fec1c85b14ff0ede53e4af268173acd4e551d22a4651f
images/slide702.png,265130,4ca1444e243350683099153de19f30f2edf58d704a69677e71f76f16d72ea067
images/slide706.png,216716,866bb86e0951bfdd68337218d47f75f3b13715be691b4b53ee97e556f52812c0
images/slide708.png,307288,2493e58d69130bb4f53045f92ed6d8d56365a3617a8a404eeff2f3a6e9aaba9b
images/slide712.png,303851,15e80139b080343491e237980693a580adccfdbdd6a8fcfe2201a022e7ed2f12
images/slide716.png,250020,1a0494f550332d059145fb0244bd47c35753c3fcf2cbac48f892783307e2e27a
images/slide74.png,312382,3b5281fadf1caf731a9a691560ef5d75e2fa1b669a6c3d60468718c75ee052e0
images/slide742.png,225559,8837d22337c0b5679f0cee2ecaa171ec1259e0a75d55510c32d634cd9e44b331
images/slide750.png,224612,3cab55d6b00ac03542036eecd5c725a8f284521b888c8176850a7efe0f553a9d
images/slide756.png,317512,00b910d435a36d151c6454b36f93d0be8b65357240cb2083928bb6db59e0beb6
images/slide77.png,336661,eccef403db91855e2bbadee333f112a1918606d022e193a8c73b8a014a4fe0ad
images/slide772.png,292606,c323ba6c79693ee4df66a020ebfb4d6afd5f2eb1e1b068d34b9951cbbb1e171e
images/slide773.png,298715,fb85c59e19cab45eb2d9e43d000faaf8c6ca5483c8b37eb90f55726871e5a775
images/slide777.png,254584,fab6ba09b5f0ba277cee9342d58ee27a8af9032c98c9fb9f46024f6d3774c150
images/slide778.png,249179,bf58b5cba30bf47b60c391e9e7d94570e64638a4a486a2af2537b3420786b3df
images/slide779.png,297713,771cf49f96db9006f181fb63acf3298874be97d136ba3c8e71a1e50d763a92cd
images/slide78.png,321544,938ede151c99a215b9187e3119b431ea1a459cb55b517bd5186d5c7ca39ddadd
images/slide785.png,276656,36376acd5bdd611b39575ff2d2a86aea941a1d9491ed71008f0be66a883274d5
images/slide786.png,279746,cdbefcbe2579ef53dec193dc7271f2c5332c65a3d7556b48bdafe7f3e6def1a9
images/slide794.png,280129,71c79286f50750ffe451e0574bbd6aec5595878a805fd39f3531ca4229abfde6
images/slide797.png,255345,ce9ccf5681008f41322cf50eac724a423763de4ea838dced7fd0dd0e71a97a8c
images/slide806.png,263342,2cd95b0c73a56278fd4940da306d096bbf4075919d90dfe01c656119f8b08c2e
images/slide81.png,316403,0657f95f6814af2ceda2e87b3f849622b8efb3f81c54ecf4c1259cec5ef5b0cb
images/slide813.png,278778,db6a14a417f61d8a6170cb07fd20b4499204bcab705bdabfc302f86b0e1db5fb
images/slide814.png,270694,db259a066153005c2648451b2e7ee705052b64196f122299e5024e1a6d0f64f7
images/slide815.png,308343,c32eb3fa4948d51a2949991d819f54ce62d58fa667f4cce5373e14574f4215f2
images/slide821.png,242647,785d2ea4ec03db663f13f9333d1a134ddd534d036f2126e4c90271c02f34671e
images/slide822.png,256411,42fd0d8840373104a87be0bc32e35a876d3d03c20993768132f28f1eb2c2e3a0
images/slide830.png,252838,549efa7a5fb097c21128c020eab6f7055b03527fce3b2821aa6b33ac12b000e2
images/slide833.png,290004,d7565782f093eefdfdfb0db896b29e23778362735cc94816a3cea00fc0e0fad9
images/slide835.png,290633,3fb765dd0e89b16e6224c827059723aeb2ee7fc272197ad8acb3d18ac9405176
images/slide837.png,288173,8db028160c3610513113e3925acb0940eccaf69a0591362e47e47b05979b89b8
images/slide838.png,260346,b2af9855afa354d23b15c2c9fbb8fff38879e02c424563394cb677d85311a344
images/slide839.png,301104,9b0b195b6b09a9fb000c7b2b58e934cdedda6be3f1a19a3e8866e8059115c351
images/slide841.png,262132,4966755772c04249da2d462d393d3365521faf7bf5fb7abbdad122575b5cc12a
images/slide845.png,323361,f5fcd3e7d208cb408060bf121540ae94f6b5577e22a71db56aa2cb4d27dc73db
images/slide849.png,295387,694a6bf01a8a9011c2b0303f12f053e9ed030e2189763c3c05d8f5691f8d89ed
images/slide850.png,281924,69af7f3881c9630a49e302779744dd3f8db8661d716d4bb0392e36aea216442b
images/slide854.png,317794,f6c7fa64a174494bad435c278a61e5b1afcc3743ef9374016018a49873059735
images/slide858.png,296349,f6bbc0dea45436e2cf012ef0840534cbd57f1957df8e37d0cd7f742d62d90871
images/slide862.png,282650,1a2d8d002fa530e9088031493f64d8d94e87e587da795e9f29aa13bb943e7211
images/slide865.png,330148,fe2cef6c9eb8a7067bd1f0b394880d4c85ccd362abb5e2a9ffc2a91f7df85b46
images/slide869.png,348465,4861dc77c8f8c5c3375bd361ae49a2ea531c6b9b634c75f5aa7527583eed9790
images/slide873.png,256107,10d44bb060d360182823e58e31ca51b8d9d1c021e0750e225ed6437b8fdd18e0
images/slide874.png,257506,ad4766a045090a7d01555298aa2ab7abf6475987015854e84c7bbef527b2de7a
images/slide881.png,289269,0491564c955b2606e44eb7f790ec23f8612caedc6e378e4c27ccf6d87adc796e
images/slide885.png,281119,cb36e219f080b9c5689d0e6d8c2b210912d0d9886e53519da1d44b980c6169b9
images/slide886.png,267860,ada46aa0006a33d07e64357e61804026bf291a5d344da5ed4dcff435846dd2ea
images/slide89.png,357924,6f38c59a450955492dffa919eeb2dbfef2716b6352abf4e69c0f212146e5f363
images/slide898.png,186670,4f3081116c53dcf28fc46d5241aad0c214b680c7ddccf95f3432b44744a14860
images/slide899.png,211406,19ee95239a14e611a6fa03050e4a998776e357193bcd4bf5b778a82966cd1d2d
images/slide90.png,338569,0af2b9e649b14c1474bdf07bad9757ce2c4177cb47ada70d44e62fac678e2ccc
images/slide911.png,187431,aa149e07d82f98fb3c371feea3438f9b020a6ba10c4cb4dfe24882299fdc848d
images/slide918.png,211122,cd7505ef6ff002bfc5fc16942fe2f334f480b46d4d49bae4f32856b886e3f08e
images/slide919.png,177133,97a2e95879ea1348dde315729f335b41ebfba8fa1050dcdcdfdfdfec0b629223
images/slide92.png,336201,50589b8abd3fd00fd8d18c765fcedbde0f51bbc63beb2a2af075e33f05a3cf6a
images/slide920.png,228633,b1df1947bfaeeeb8959c7d0c4f263f79e833635af2e8eaa4a6428606ad01e1d6
images/slide921.png,205307,7a21d06c84bb2ab54e9591e57b9f75ecfd77f4c500c0540c7f7b550c9768567b
images/slide922.png,194460,e9099f5d3d4b58c02822660e5acdfe61b2bf93645c3d14091a83250a0160fcfd
images/slide923.png,202141,cd372adba7ecea66ecd0e99a6cc191771b7f500d385091a03da950ae1592038d
images/slide929.png,180976,fdd8ba2c097b5fc3059c70b3ff7ea6f8419acad733382feb35c136569a9eee3d
images/slide93.png,327911,5f21c1b2da85d592d755e00a48de77c3958eb89a6ee5f0fad97ffa196699902d
images/slide930.png,183318,3b02308665e13559fcfeba4f74616f18b602aa5301b7511bcfe873caa8949cab
images/slide934.png,212433,38aac2381bd57e2f00b0696c1c6d5a97f6233369c184c2e6d8ed3e0593ae06f3
images/slide938.png,193313,e1a9020d903ecd08a3aefc98a2073414aff9dfd06333f1b82be17ff8d2e12ab5
images/slide942.png,167004,19864b76fcce16f5f9aa897deb19ad74e9de52c9086f18066f5928f41bff1c26
images/slide946.png,181743,f9ad99ee93e7ff4f05937b2de0923201613ec1bdbaa21879ec6c726c30da18ac
images/slide954.png,203431,d33a170aba6ebffa3c8c19c41bc63d4451c6b83e3693870c600397152ab00957
images/slide958.png,167698,7d81e2c38b35c9b42ac25925b2b1d2be39ff49c7017adefdedf6404410d84a0c
images/slide962.png,200542,02321f4fbba339c2961ff97458045b07746ecafe82a430791a786c511a9ccb54
images/slide965.png,210343,fa38a938243864cdad2aac6b121883b4b373c3359a3dce8cbba4ea7dfd562247
images/slide966.png,187028,e75c585cd841d0ef1a75062166f83efc671909026341080f943d0d68cf0b9c8f
images/slide978.png,199664,3a5c89b059947d041bde72f2aef2eb14abaaef0d46f47ecdd22d7b5d27d3dd1b
images/slide982.png,176203,1f57598867da92e4d9a53bb7544fa243134397635b2506f8be3a983f707a6285
images/slide990.png,180407,eced76dec1570cbecd26c9ed8f84a0cbf4bf35a9781e81144c03e2bbc394db9a
masks/DJI0090.png,2198,625508e7496780d4a09f5fbd7708c374dcafaa4b7095d21628d6f1a4801baefd
masks/DJI0690.png,2689,4c842e9e2f34406aab61615255dd9d0d821e5ab7075c964a1dd7d4c8ed6c1957
masks/DJI1280.png,1017,654b95885121092c7185fe3964c3a34c107cc8339e48d3a043d97d1a97296c8f
masks/DJI1320.png,953,a23a7e61a05d56dbe30574ee6baa23ccb7fc82beb4e0808d08d1aaa62d29dd2f
masks/DJI1760.png,811,20f1b4a3551ad1036357728af51d087a60f144bfb9e8f99b2be76a3720b043a7
masks/DJI1980.png,1359,13f83d80f8784de7a6817aa57f1097885d1125305c7067887106b1c55b5b64ed
masks/DJI2040.png,1114,833af53968558b56455d83c81141dd8f5e7042e630795aaf7c489ff704a7d58b
masks/DJI2140.png,3034,37f1c35b0fc5c7e8a62d1421f53374580e0841c77c08c0fe9248b4f748e54892
masks/DJI2180.png,3060,273a9c1dc2d6b876e1bf58204705dddee3f7ea7d423edb9b3edd54ee45c568ca
masks/slide101.png,2110,1dd83dd7c6c76c04d1a0ab99c4c6fb2c0a1338ff6900dddb768263bebdbdf8a1
masks/slide1014.png,1458,568d9ccf83cbcf6858eb13842852eb9f30bb341990573b55cc4e089e978ac98a
masks/slide102.png,1315,3d8abf3c50fde6e769a8dafc599f4d81331d1555dc41bfe4b44ced260bbf0b54
masks/slide1028.png,872,d3f2fda6a86a541e6437a817a17d4d88b1d238334b5339422a67fe184413f537
masks/slide1029.png,973,fc7d79b23afb3fd2cba65571bb53be4909ec218b09f401d5e2ea9cfefa95f726
masks/slide1041.png,967,e5b4eb1f9b4c1fad50df09601ad943ff4addeb0ecdb6894fa95dfe0d722fdeb5
masks/slide1042.png,923,415f1c354a1f0ba0f4827de326031164a997e4ea077145bed1e859fc1b499294
masks/slide1048.png,1048,f4eab097543055d2cf41c5d2e8d21a9be1fd2c79796241033aebf6e1ea4cff6d
masks/slide1053.png,1339,42d429e6e3028249bbaab116302d1b06b995702eb1d0429939091a39322ef9f7
masks/slide106.png,1177,17a274431e3f23add095ca80d772f41689379c5b170704f689b72f192b827ed6
masks/slide1061.png,947,bdd85876aac87cf16ad52ef5d7fbc4404fa28104c383a65092b1fccd8aa4d298
masks/slide1062.png,959,e8746e373962054d2ebf9b66afbe4e5c412420259d9c72ae3add2726d4c4e04e
masks/slide1066.png,897,d7e1b6016ac8a7a0b8eee91a9c8f587d69cdc8d6897cf22c44c2e2c37e55195e
masks/slide1067.png,831,9f2c31923e8fb2d2f9faf19ef33dcb0a13ef08e254c83fe4272bb51efb24b355
masks/slide1077.png,1135,9c1f9c4e0610d09370dff8079f848c5c24d0d40bda49dd6d05a657319bcd9892
masks/slide1085.png,941,875c4666d57decd22436da389a1161bec473274c55dbc77829d42ae902ba1fcc
masks/slide1089.png,1085,8eb02976b6931fcfc09253a4d0480638795b24a8478e59edcd9ae600008a6907
masks/slide109.png,958,e07f9a26ec3ff047580618af0a0acc0e5b7439219a2fd65fa32c210809d2da75
masks/slide1090.png,1038,b88eaafa9685e4d26b46ac09456d6380a5d15776d8235568753d6c2673127e75
masks/slide1096.png,1060,8ce74aa7fb3e93120e0396a5f36c0728517c2decfba80a51f55aca67679f3d3a
masks/slide1101.png,1002,7a9f7aed83a658c570dbaeed9eef2b3e64b5b797a0ad8397fe89e80fe8c610d1
masks/slide1102.png,1018,a4e2fbe8fe6c383aecd346d35b6b622c047de4ba71206a65b3086b9cb6750355
masks/slide1114.png,1077,d14ec6e991bc8fb4c2453217c8c862535461bcb6b5e90859bc41ee1f252a4582
masks/slide1121.png,2095,28b6df9db8c653651fb430caeab1ad5daa7cc42869f342d8ecd16dd24a151c10
masks/slide1122.png,1763,72ac973b3b6f72ae9029b5eae5be937c8176be8983fa05494bdf2d5b7c64f005
masks/slide113.png,1732,807c55cbc8fbf2cc0036c0279a58b862bda03f82a4b8cae4dcc01e171ac0c600
masks/slide1134.png,574,82f604c430a321e7f37f8941bcb8c72701a0f76e4dc97863e299634de3d606b0
masks/slide1138.png,1283,07419b3d8e60dd9b3f04edab342fc6075a9253c174082510d17922037021f141
masks/slide114.png,1369,3efcbf82192119ea2e29256fc9c3badd81aa5ba8507f98301d2a1582e1cd7b94
masks/slide1144.png,751,e52a446cef3f0f32d29ca9291f3d13816946c0b1863c273475723be5f69af4fb
masks/slide1145.png,675,33ec829e3681de8618a7f29fd42c09b1b9ab8141a2a0622505365ad44ad33aca
masks/slide1148.png,737,a886f1f995456159babd2ca7e0fde12da646ecc6d8ea06ee0fc9bf5f136ebfcf
masks/slide1149.png,1080,f01ae7aaafeb71745b667dc2eb1d7b636d8204f53068edd88ba2f1180c38ef6d
masks/slide1158.png,1150,5d931be660479633e7251fef8d03e1b240d1a0bc76c14a037350a0a7c9fd494a
masks/slide1159.png,1087,40a36fb1a2c71f21a456506feb3224a7398694d530070b6f318df1e69c2a3f96
masks/slide1168.png,986,7564eabcbae0fc9c44ede664477f386815da356ffb2d8d50279888cf459bcb86
masks/slide1172.png,1078,48f0da9b6a77d8a7f52963d8678a3b00c895dd4541a98afb430307223545c9b2
masks/slide1199.png,1207,6c7f260d9227810180553b79c8cf03a041844905c1866c3cf5fc1005076365e9
masks/slide1211.png,1372,e3d985576aa76d0e6b8a140002a8b23becef5ae4ee252e27804b221373552a9c
masks/slide1217.png,789,644c3364c2beca9225ac0bc9cb886bbb2822bb65391b5b57be7b32160fe49de9
masks/slide1218.png,688,91fac0f144346f0dda0995e7001c8774499ceaeb6ba42008aff8458bf244cf34
masks/slide1219.png,775,a2957276c6082070d7f6cc2108e9a3c0b0d90a767d80e18d308004b6eaa91525
masks/slide1230.png,758,1074e07dd7c08c5ef4f02916292b2e646559eba61d34664ffa4cd5a73c249bcc
masks/slide1234.png,1098,f45d8a3306f484833784cfcc610cc587afab409bca6e2544736bbc784e4cefac
masks/slide1240.png,1589,138e8f3685e3823b77f04762008291052d56a636db5eefc79230063429509013
masks/slide126.png,1050,f415bb5a3af8af54666407e6fae61f0eb949ac1e7ca8d601354f0b9c56d6b90f
masks/slide1267.png,977,6956386c7a7baf63ae31ca53bc296cca0d907719f0bb8a0f40531034a8d91a1f
masks/slide1277.png,996,4060f5fae25f4c177a8229a3f5930fdcb59cd9b6fd60742b6126fb94dd0182cd
masks/slide1278.png,1080,5c41f07716668deaefc650ae4cb4074191c734b09551dd56afadd3d81bfbcb0d
masks/slide1289.png,784,ed3d66da6a7d00aba4f63d99cc7f36ee27cf96ec5e990bb1c7fa5919d88e68b7
masks/slide129.png,1201,60b0929f9310d8486a4ca112bdc19372e360f56fd1f6da54aaaec9f736109a78
masks/slide1290.png,1181,774afec9be17373611415614a64d613f5615208c5992b35c1237d8690552b555
masks/slide131.png,640,415c7229ff42f62e691eeaef90dd8b853d839dbd263438b6d280275f8a615388
masks/slide1313.png,1069,e3c361f5c532af6912a3225818f1a688d3ba3bd0f92118d5143b16f5cc45ea0f
masks/slide1319.png,767,b6bd4211d715a5d743790d596810d8e51e1c6280b1ef6c793b0143ed289311b9
masks/slide1328.png,820,a059d93881e05fa2ea367309f4d07a2dc41c50652e9088e07269c2d264e8a07f
masks/slide1342.png,995,937311dae74bddf60412f1b28881d42fa5f6e0d2d91821ce039171fed2c71859
masks/slide1361.png,1175,4051f70c5354f35d912db0de23e18d4bd18ceb9ffebde85bb699c60816f9c080
masks/slide1362.png,988,ff629f501d75be752ed7bebca939f568e1bd21d76505360984f1879d2aec9dab
masks/slide1363.png,1083,d4786174afb3c4a2dd8377b2c5454de0612054a37fc3f43550559c73280433f1
masks/slide137.png,984,9faf9fa06a6e86cb2cb7a10488e3518ca91f13f0c85dc33dd2c7e659896fb44a
masks/slide1374.png,1039,f18ce63fd3a8748020fc4dba8ba3e89416e45668df7a40b4e39989ae1f354725
masks/slide1375.png,999,da421ae9d55746824d54b1cac2f577d164dd818e0a6af1cf70b0ce3fc0e56009
masks/slide1384.png,1061,c8154f718b8ac44f0cf8b13b80275ed4ba67537bbf4d493ead269c0ca5bca5dd
masks/slide1385.png,1061,86dcf5169aca3ea63f74ab13b191d413b19fdf9ddadbc283e00ec3987420be69
masks/slide1386.png,1291,78658dbeb5dcb7988b75fc31cdb65258c5306df7ab2bc1ba67eae12743277352
masks/slide1387.png,865,ec8e27c3777cfb6e8f0988817baf9d09250d4e4263f91412ab29bb63b952c2fc
masks/slide1396.png,1111,09c9366c1461f2b949d3d2c7a89836ba2941fab8a2372901cc198b0806c63f5e
masks/slide1397.png,989,b3eac2ba3275e738fbc76baf92fd1966d709328cf864b553f7a0ec9aef1052a3
masks/slide1398.png,1162,bc76e911909b8277300ff91e0c2b284310e3037cf764f334f11b9236037828ea
masks/slide1399.png,1412,b205ae3827cdbdbaade85f15e18a2d24fcc5c469afa1bf065ff54d61a5377254
masks/slide140.png,1311,6c84d695bc7012e98b14b70df7ae91507ab8af3f978e159a1ff9611281a86c4b
masks/slide1410.png,1232,1e148a64162129a338d46b36ce0f7d332d470ebce246881cc08a6584ce7f1721
masks/slide1411.png,1338,65c7434bd9563a35304bf8bd53e7c6254adeaeec3939dcab9ff4a40238b481da
masks/slide1420.png,1340,3a7377cf6a81a29f8dfb8ce4128c8058c219085a5fa163e3eaaf97d0b7acd757
masks/slide1423.png,1655,d9bebda74f81065c1783c9dd10cf0f7ec3dbe41bf8826603ae5f9401a43749a5
masks/slide1433.png,1058,fa551c1bafc66c6a40d475c44fb05f641bd36bec41e12be12b2f62817e58d040
masks/slide1434.png,2325,87df8d3e83369a024a1cd1ac3f56d7947a4160778f78164bdba632af4d4f551a
masks/slide1435.png,778,301164cf21dd92f8bf90b6287f51c1bd3cff2755b0cb208fc2fd07c0626a1753
masks/slide1444.png,1538,64f2aad13527f1556fcc1b7c68faf8edffefd1edf5fffe3b705b476e90461856
masks/slide1445.png,2305,fe3e1a284794b634492879b58c1277f61ddcc0e6a378338789a69ecf390ca026
masks/slide1446.png,895,3ea02fafc7e46454cad1adcc3d8bd150b80c8d5285f3db9c3c2f58b9c2eea635
masks/slide1447.png,1079,04f0f731a0b22ae376624a8b5243d57627f26112eebd8b1672819003593f07ac
masks/slide1456.png,926,f91252f3c1b9e290a94300501a0b66347c4180e236d6284cc7f629835de65d9a
masks/slide1457.png,1064,a4c077fee613bd983d1dbeb49eb0d177d8afb31004236b8a4ce022ac431e56e2
masks/slide1459.png,1067,b3ccba4bbfa6ae42439252aef2552f12424609ef7ffbfae8ea410fe444e83902
masks/slide148.png,988,06e9da13e548baea6bccd36814b759f1579e9d4a700be4231c53f45878c071cf
masks/slide1481.png,1212,9b5b920d4390c8dd6965b2c977a590d0a6daeac280fc0f408cd3762f2105efbc
masks/slide1483.png,1150,0b74692534e18e06004bd46ca39372f84d68c4fe97ce845e9b05153fcb30ca81
masks/slide1492.png,1031,a2a7a37b5a48494561b761dd5f5c70340e1a033f8f8d6851a325dcdf28646aca
masks/slide1496.png,1113,0378307b330c6bb327a68bbacb024f64d764cb5fa9695963a2d83e0894aecf83
masks/slide1497.png,1097,aa3629eb53806a95f14d98fbd02288dfcc4ddb7b010ccc170fdb4e835209e9f6
masks/slide1498.png,957,ffc28ba8c33f5b14e6f54c06166e2e8f0c8fd303023a78b00582fc930e3bb2ef
masks/slide1508.png,1124,4666cba8375d1f035fd67414ea2e6a89a2fc2539c30c66d9113d636ee2c48a92
masks/slide1520.png,1099,7f1f39740c9eac63eae565e77d533e7cb2b25b67c1a1b367be9aed8fa78bb224
masks/slide1529.png,1781,50fe83144188c29f277b7a3a71c6e8dd319f8ac8dc9c8cd09031440e0871a999
masks/slide1536.png,1847,d4efcbc2fe5db9bf4762853673ccacd997409d05aec584c7d6d0388ebc31f9ea
masks/slide1537.png,1513,4517b2f63930905af9c92f5a0933bea354df51d27677d7d59aa4a2125534bb90
masks/slide1542.png,1216,ead174368820e90ff0055f7956124bed67c4ff534822997ec034859f773945f1
masks/slide1545.png,1167,eb49f16cf872dbab636e7da2056ec12528e142e5eeaec58d7f77c9d7d8d21d50
masks/slide1546.png,1015,cc91880d3b83bcdaaad2644470dfd7f54469d64de3880e8465e35340940712a7
masks/slide1548.png,1152,b25920a764c1b404076e08307a8b9ba7dd51af912a9c11b43c46bb23c8304411
masks/slide1552.png,1434,081b4ac381c105b9cad15bcaef4b5067066c1a12dd6def85eaf81c0ea0ab3be2
masks/slide1553.png,1716,27b1fcdc109c803771e9010fb085df3c09b4f1aee3f04188aca9a08df9b412ad
masks/slide1557.png,1524,125c47c1b097d1de566ff17d01efaa8e4890f0255dd4959d54a16a42488aff92
masks/slide1560.png,1501,1f406cb74887a00210954d2f52137a382122dd301eb3ab8af71f86cfe7ca1a21
masks/slide1561.png,1990,f7f63bb4cc6b17a7d015656fe07b61424b4ebf8a2e4ed38acebfe6dacd6650f1
masks/slide1566.png,1199,fb3213adc4a33ee5998cc694d03633c828777f9552216bca6ec277afd96048b8
masks/slide1568.png,1919,60051dd26fad3c70f245775a1a9e0098a7685209fe07a150fda6f34d43733a18
masks/slide1573.png,2365,d43257b110c37537bde6ce22abef23e280faee8c4b8533d37c8545e8337c5e98
masks/slide1574.png,2316,4a1f0ed46a15d3daf9e4f665c3c4ba04fe9eb58547e525b56304c6facf27f880
masks/slide1575.png,1292,b53a3f9f0f388667a4448fe290061f974538495b4ce9b6d7668ca10c51c0908e
masks/slide1577.png,2777,88ddb0fa3ac03a6a02c72ae2c6ef46bd89466eb2b93c82c09d7aff9af84736a6
masks/slide1581.png,2314,8e102fa396ecb9382f4a30832abc083d99d1eaa064d4d0d52b774e0e47303564
masks/slide1582.png,2980,776c1702fb56074e990a8163193f3251434ae2aa75840fdee898aa92717afbf0
masks/slide1583.png,1734,f4dac6bdb79f4ec12dbe24eedb67a4e6dc773bb82757fd05c1cd40b8fc7e3df0
masks/slide1586.png,2342,8c4b3105347a0f4cb67e7bc24cf83c91c580ea903983b3255e5721ee9537ca60
masks/slide1589.png,3152,758a2fd5b0e7c64370325ac6e333eb0060604a20ba9b57296f3b6f5e74fdb370
masks/slide1590.png,2755,64f1a3de5b2d9655b5f8ef6a05c7db7fcd0a0ef1d222030ef82e06c9037ad209
masks/slide1592.png,2228,9626e6aa1840a799ba8e019530fc7bae6a765948da31a5a242f9c4b79cae6874
masks/slide1593.png,2371,d77f36a9824d942e858b5afd02db5a665e39966815ad14781eb7d1cc7590dc28
masks/slide1594.png,1967,e0a3009120e1e0acafdc31dc9a7ea62a0227ddce8e61ea24c4f9bcbf1ef7032e
masks/slide1596.png,1501,5f35a8eed40b6fbb905b8ecf5f03e912a15e265982ce35e506fa4f1d7eb79e1b
masks/slide1597.png,1236,904cf21c92054b895fd9298c1933be9731a546ae13e02206c2837abd8b628995
masks/slide1598.png,2900,29cea422fefb1d8ea62c8579e8b4773e99ade639f1baffc567e2c9ed0eadc90c
masks/slide1602.png,2121,1a942f1eb6506982fa567eae4d41d18657150ceb3725e8fc734a23ddd95f1f3d
masks/slide1605.png,2055,48d290c8ee413547c2b1f2393dee1ca022bca63822d734a0027b1710cd1f7203
masks/slide1606.png,958,ef426c808bfa4c7503f92670b2a26a6f07e57eb3a873bdd3b534a6708b958883
masks/slide1610.png,2074,11a140acc69c5e0369a0edda4a7c98824da4fb11c38bf98488f7c18990ec2a6c
masks/slide1612.png,673,aaaf1d84165fe86dad5fbdf08c1e7922cb1911d7e0ea57a278e0f8659e665caf
masks/slide1614.png,2322,2e28190061832754c44032b84fb4a0c1b0d811f18cfff47eff4cfccf024aa94a
masks/slide1615.png,2502,aa89c38deb9e381b85eb4515d5f65ac5ac67ef676c29d6a930507effd4b3662c
masks/slide1616.png,1146,e1df3f1ddc9d279022472caee2ad69297373c3e5db86d57b02ffae09bef1bf24
masks/slide1617.png,1984,70bad4864b290f92406ce95f933f1b6adf1a5cca73bb95ee0f846bf03f44decf
masks/slide1619.png,1761,91e1425733a257e03dc400c6e8de4639d58ea51148814a81a3a64dd10055f40c
masks/slide1625.png,2207,8a2dd45da9c21b5e496e21990a6bac4c6870fbc29726a254e4872022ee7c8223
masks/slide1628.png,2453,b1038464d7e65edcb02a6143349cf37e4cf78848cc0fe7c6534635902873becb
masks/slide1629.png,1062,d94eaf03321b69eb46da0af0c58bc69a01671934f429aa72bcd3b5c0f9220b7a
masks/slide1631.png,1751,0ac290b0e0037d813e47c513e99129302f41975548078a27e6b845c05f091809
masks/slide1637.png,1272,31f3f770ce560cb11796fce65d446f6b8fdfb60c442a7995a796be021fff7ff6
masks/slide1638.png,2272,e4090fda28f4d394cce331afc71fa517b992936150d140a3fde124116b736f9a
masks/slide1639.png,2051,3a5a5c840e1f02acfe4d0eee8aec2d0644cd0040518654b3341772c48b36378a
masks/slide1641.png,2476,10cb38a9d2a4e25c6d24bb48f46d921bcebdf77ca3643d38f77572a04fad20f1
masks/slide1642.png,2232,a8257ea92a663aef151b32cd884899bb78ed9fd78acca3c59b2b0782c30a966d
masks/slide1654.png,2072,6dcea67ec952a7c089742b49698c7d530b216536cdf4d235ba2d214ffb26a545
masks/slide1655.png,1037,f0c780bc3d43806d57d808e91e4065879d4c10a7d693509781c7591299f11359
masks/slide167.png,1589,d51293eca6b9a6828d834daa5b15ef67658268dd029714fecba45fcb86f061fb
masks/slide174.png,1955,ba34d1914ffcd2a6a7b72d7555cbbb5554b1e88d1043fdc07b0bc042d2cfb3a3
masks/slide175.png,1126,ff413a30635355a4d76ee4db08e6a40570a62005471bc0521fecd12f53dc88c0
masks/slide179.png,715,43523bf72bf9c002392c8a1610447e195f7af0f797725ef747942a4252f947df
masks/slide184.png,2567,0350cc8b2c1c458747c8d3409ea0a642102ef63a71a4e129c08836016e2631fc
masks/slide185.png,1110,5035bfd532e25711c1b47f1c92a4a40d463c9d0166cffa96d7f1fc5cd9f05924
masks/slide189.png,874,63a2f67ed83bf345c827c6b617ea4bad1552f5b17e94b5cfaf01a3fc93e1d9cc
masks/slide276.png,1695,a1770d5bd1d3ca35bbf8a47fd760beaab3cd70599365f635f6e16d2647df9bd3
masks/slide277.png,645,41ce5ef0203491ca1e69cd9e3c46b8c90062b36116feaea029ff69990d7f6827
masks/slide281.png,1189,cbc580691c0a75720841fc22324a64c13e52f0fc8297d66fb5df143bbce8b847
masks/slide282.png,1028,86be6fe27b4a8d4a59fbd8f9f5747bd3f5558d7299b284a2e504ee90132ce185
masks/slide293.png,1781,a5efd0a3bfb24868ad6f38914d4a38ec07839eb7e94e2495cfe2f92a9ecdacf6
masks/slide294.png,1200,ecf24d3a9015a16b9d7bdf806f6504cf3d5cd8f23f133442fb99f9a541f836df
masks/slide30.png,1335,0964b771e615855e6ea23a15c12fe071153c32c9d2c2c0c15317752acef41e40
masks/slide306.png,1077,25bdd443dff6fbb556010decd581f223e397c7740633202b1e212375bcff5fcd
masks/slide307.png,1048,fc70109f57486a79e9c6ae9eb57eafbc335dede63140f6d105d6d52244e225a3
masks/slide310.png,841,209d57e48d5485bf74a462cf8097e231068c22cf87634a358b5d7d4dfabe9488
masks/slide316.png,917,25b80ab3688fd156fc1f2e45886c542bd4cb280aa36ba50f9ac7d418cc0d2cb6
masks/slide319.png,1258,a9dc758dc6347ef19341e41749a262dda3eab34a7a95915057fad9911b551c04
masks/slide330.png,966,da1ab6fbbaa040d32747e32ae742eb0c3a401b89e0d50e2afcfeec4de704ef0f
masks/slide340.png,1268,c2d27be42453e2ea821ee80607869862754ead23dfd3ed47e04ac82fd464087c
masks/slide364.png,1265,0c794c5052b3473a1960f87ff172bbd8a7b593ab2bac6ba9b686359bbdf119d2
masks/slide369.png,614,c28306bcab56e84b4313eae9f6564b0bee4450716b7a1e2ff287e6498a370118
masks/slide378.png,1021,af99b738385a3260d91abac1656c0d2c21eff48579f25040216eeedbeaf20661
masks/slide379.png,945,5f410b781c2931fd471cb133704cbc25af483230c5b290cd3fe16650997c1009
masks/slide381.png,1010,7015a0d1301cedd398e6a740609996945c9cbb904ba9ca2b7679e5ac0bae4e05
masks/slide389.png,781,e7454b6398d3eb1308a3a29f8b0d06038605d3ac456657524aa61e351778c360
masks/slide392.png,915,a73781343361fdaff084d5966a82728e71ce4ed3680b5e7167e293e0fbbaa115
masks/slide393.png,984,0ea3f986b12c15751dcbb3417bb930b2a27eaaf03897687ae21630ca9f414db0
masks/slide418.png,672,0f8215a92feeded3e80bc1ae96822ccd571193a2e637fae137ccac584b762f2a
masks/slide440.png,790,a99a506b377cd430b268229af2058774e39a2624a1afb88f6315b32b56766c17
masks/slide462.png,863,374fbdfc7f7d6afaf9fbb698e9e0544dc3a402bfa1e3d9c162111b8df1e7f1e1
masks/slide463.png,904,9193aa58a624f138067195578085e5346ab7aac1cbcdb62dd6b2be7deac11ea8
masks/slide465.png,788,8665d6d2af3883b0dcc01187f3ba74006d13f14370c1a1ef503b805a1db40c97
masks/slide466.png,838,d959fa868a5fd215c6cb15c567e5f0ccc80cdb4dda8325d6d398738dcee5247b
masks/slide477.png,853,e8c95a05850d8e2eba795f0a8a4ca29f16a37c28f673ec0c5f91a44d165b630f
masks/slide479.png,1010,73fbb2dee4ffb25df24752e7163216a580777e002fb00aa79c830c5471d0a490
masks/slide490.png,944,0621bd4b0af5c55551e3a75138abce29002515c9436277ab1d7003ea292da7cd
masks/slide491.png,839,b164e973851199fae81c2f1a5606f2a3adc3515cce7a21111a2301dc05d1c21c
masks/slide497.png,933,7e2662f2d35db03be74059396cb599ad98eed58b05e9e11ee3b1d8f1e1caa686
masks/slide498.png,877,81efeeb06d91517a4b6ab10bd235531a58086b024131be7ccf1b0aa6c25f5c1d
masks/slide499.png,457,e5290f6b572194f66e6b8ec9310078c0010cee760ed192f6f3a1996c90ba9656
masks/slide508.png,899,7dc107114c07defe13236c93737d9f6716207022f6981bebf606a483191f93ee
masks/slide509.png,948,f41f16716c1b6b7ea1a20009ab41cf865cc11ac1ffaf017cfbf2d305dc0f4ad9
masks/slide521.png,1037,3310bcaefe74a808115229215ef66ccc71eafddda3405b0ee66c7baeb1fbe20b
masks/slide522.png,773,5180910211cffc03fc6f5b910fb610195fb3bb918d77f8ffb6f5bbb37df76e70
masks/slide545.png,1244,dc13b705377f9ad3f37895cda5de6931b037600562c4edfb0cc25bbd8f9f533a
masks/slide556.png,935,b8f9e62fbed9858867225e52c4588a5906c9ff2e656e5e12cd1cac20116031ea
masks/slide557.png,795,87aec3129b992750eaee7957a1f7f6781c63c2c4028356124fbe3f4965e9d9e5
masks/slide558.png,1250,9caed75349b983f749671b319b0865c12176b1fb55c2cc604601a8088b1a1844
masks/slide569.png,798,5de0bcc217c68d74c973fb43c992213e959202ba2cbec7ce2e18a2f8cd15961d
masks/slide570.png,836,dd70b921c5c9950ed56fd2ce24ded6fdd48f14be6b037ef529ce97927e026688
masks/slide571.png,887,11485087d083b11e2228caf135d94c1282f82d8a05c80bf41318c2b4d3531991
masks/slide577.png,1176,8b75d7962980c20df367a392bc47664fc58e48bcbadda89098c426f7fe974c08
masks/slide578.png,722,64e0fcceadbac6ef20a185452aac5f8d234bbff6ad931ddd7738695e0d05987e
masks/slide579.png,753,ba721827da3c25bceefe2015fd387a3a552f073a0fde2cad849fa1d87f03f826
masks/slide581.png,637,ade7d8604906c752f621b0946b9378e6ba5f2890af144d7a126aca8d9f8269c3
masks/slide582.png,712,7c0f749e436d12e1dac5745a6cb46911bb46b01b83938d16e8c9b187b42ca819
masks/slide583.png,769,6cbf5ad3afce0cbc5f271e776635a18c25f878e3cc4fcf62887be69de46916ff
masks/slide588.png,792,0fad1a1f684d2eb98e1fe43cdf20b2a6e287102777ed49cc575f328bde72d002
masks/slide589.png,803,34355e42a5fa62789a4edcb0f289c079feaf4f8900d70c006d83e174ef2da139
masks/slide590.png,589,c2e07b0cff75ae8529b3a8c4bdfd4c1e37637d8d09d9712d7067a6382aefa708
masks/slide591.png,524,f5df80e095596f70cd81439ef8571afa0f5c1bebc2ed6d8bbb28e96ef99f933d
masks/slide592.png,837,4fc0075c8acb6fe0801c895e85183fb3ec1142b3e3ed3ba6f3397700d60884b4
masks/slide593.png,817,8d7bbf8aab039bc61e18c5a8105e67e9f450c125e392f270d748ae39579c5efd
masks/slide594.png,739,19196c666cbaee6c4dfacdd6e96ebd744c4458061d84bdda725b6d77ba96d163
masks/slide595.png,543,e5b16e241637adcc9cf4ccb5e9d41e311e01443038a706f1e19bf5933fe2eb2f
masks/slide600.png,978,52b7dd58d101e15eb7eb609af2ee67b2cd3ea24775d08b21f1112e99afebe827
masks/slide601.png,678,28c7b577b1a428b7c82fb2c51fd2212dfab7ab4c0ba767de47c7422b502ca275
masks/slide604.png,509,8c9e020a8d400f32d28cea3b18b597d989491928a8986f32942f111626df4ac3
masks/slide605.png,849,83e41b5f88b7e55db65b7f6d8b406492f72c4f568924765817e081ccaa436ac4
masks/slide606.png,732,75e0958b625f1df500bbb0bdb42cd35c27069c498ecd7dd54cab2dc04dbeb8f2
masks/slide607.png,678,0c30dc855b485c4be81bd8c3a1687e5aa853c04aca56ae8539d0c6a361fc6ffc
masks/slide614.png,811,63ff7070798864654ff5668740a9313ae0bd80e36375eb14c3681b0f8097bf3d
masks/slide619.png,1016,7d62e008f7e7cf90f8eec3ff8751e7d852da4e4f1a5530166e9f9bba87f27ee9
masks/slide655.png,2039,99ddff78603e4ed71990e8f7fb65c81316db9711bac76ac58111ef13e17c04b8
masks/slide670.png,1179,b66458cdb3434a5507e638c95aa4429cc7f4065dfe9d7af22a88673adf185fb8
masks/slide672.png,1522,2f8b60de3a405e3a36cafcdf5fc0a5d28688384ceb9133f1ed6839d598724e94
masks/slide673.png,937,2bf30343580b08c88b992b8f1e7bccdd8ab889a3a07295c2a37797183825f73d
masks/slide676.png,1613,2c48b9fce60738f670df63e71603d6a9d782c057d8755c65a5f57b3134d31d05
masks/slide677.png,969,36a8618a1701b30ed9f1d142ad1ec7d9c66a8a2224f259f504a88cbc42a39205
masks/slide680.png,1775,c44e99f66594cae37c022971a6e0da34c086be74ed53526312e0eff6921eafe8
masks/slide686.png,1294,3acb19df12ebbba60e0bb880d4ae93632fe88f568cc93d003a5c6d7d69bda0e8
masks/slide690.png,1920,0bf2b0ce688f6d69ad1fe5cd807caf07b1d618da695e8375c9b763e858f93dd4
masks/slide694.png,1904,c075a0ef8cd5c58a0e6e4eca64f22b8709fb1142c89395a38590ee8fc6279378
masks/slide698.png,2039,44fa3ac08314abea485538791dd203a5b224cd627425bc002107883e29d4abe8
masks/slide702.png,1925,4e6535a1f0a3cd71223520c565073027dfb8046299863680a8a724bcf1916840
masks/slide706.png,925,df1a9f5836d23f06578f69613d251be819b6f7b7dbefea717680e7e80e77bec0
masks/slide708.png,2091,f89fcf658e9d62f60ff693bc78effa53d96f7ad74940752684e96c0b22401a47
masks/slide712.png,1854,e37aad08e1335ace38136d84b8945e482a132b23d6a217ac3382bce2baeae131
masks/slide716.png,999,56132ffcd325c61c7b493ad4151c17573916515c1195a9ae2f7ce447694074fb
masks/slide74.png,838,3a9acea0477a4d21870049aa503ccb5910cf1c75f7d404079cd293d3ac0aed31
masks/slide742.png,1311,f1d4ae3f151d7f2a025910e261ae6b5253fd2ac696e35bb49cfbd2f8d2bb4a76
masks/slide750.png,1644,abcc62065aeea2e43942756b857b1b9b96fa30c6327ff0ade5b8e4768ba05461
masks/slide756.png,590,a7a0ff68c7460b9ff6fc8b6fecb5c2db68b7ecfc1d3e48fd7b00fc9d2e9715ac
masks/slide77.png,1167,f154217f6505b5e124d5ecc9911b68234bb9c86509b5f6b2f8c7c174b92e8dc5
masks/slide772.png,1545,c425d12a1b1c51ea5b3a555f5b64eefaefeb26c94825c6e1ee72d786548d53d5
masks/slide773.png,3110,53c70a8984be9a8659a35d983d1d3a0586018aa529124501dc3021438355cf31
masks/slide777.png,2081,d8bd552b13c13e75997b8f45d1bd8d3d4c05285baf813f8ec15cdb32750543b2
masks/slide778.png,1286,39b59df6db58c1b4233a1df7a116f06542c74dded26b13133a7b7543a0a175b5
masks/slide779.png,2631,d4710a1b8640c4713b43e6a158f9212265cca5516143047e3ab725a514d6837d
masks/slide78.png,1725,b54ef1ffbd6684286f2433c5e5b153227ce75a1212854a70b084b4b643b3ef6b
masks/slide785.png,923,cff14f6f7bdb148666a6471bf3e3bb9d1b995e8efb9cb42e2d20b0d7c1fc06f7
masks/slide786.png,498,79a174152cf05b919df7132f50c9a3bc307ff9ae282a8a3e9426e014e3482faf
masks/slide794.png,1122,88460abdf6abfaaccf8bfb4a06d718c4990b4d094304dbddd838755e6e3e3667
masks/slide797.png,762,0773af799c7bea57c3ce78128b95dc92a26822b893ce629b2dc795a96a3707be
masks/slide806.png,1660,867589b4bb05967568ec9336881a1d0b1d7a5ab307c914126d79566186a4a8bf
masks/slide81.png,1623,3796c867d84813a7550a6e554c9d40c19bd6a127b9d42fe4fff27f270239dde8
masks/slide813.png,1259,7e32675dc0b01c5eb4510c7a17b848ccb17ab89abad9230b3571454c07146a77
masks/slide814.png,938,fefd32a1f12fa29674b4ceaea0e779f638797434fb90c34163c56886ce4e047d
masks/slide815.png,1437,d29d3da2e04dd20baeca613acc50c661c2f139736c89b841b9ac1dd67f050665
masks/slide821.png,1386,007b90f4f575ba07aa189236143bb215507f79ef0742dc3aaf69cebb79e9cf8b
masks/slide822.png,1028,aeb8e5f0199574e047af5eb7fcd87c97eb5144606beb0850760d31292d78c186
masks/slide830.png,1507,1e9939c025d9d85b2ef02b2874fbd24cc793913642fe11358cf45aca5a63084a
masks/slide833.png,867,9228895a88a84bd43bb9f3e9220306b35b90a2394cff68d0900ede3f2629506d
masks/slide835.png,1566,82bcd0b0b06abf4e78ea0e432b7c350cdf3301edc98d9b3e61cdbf7140e103b1
masks/slide837.png,1110,e641284ea72755f658605bef8134b906d383652394e55a74a7a7e1593d653d28
masks/slide838.png,1026,f2dbb652b5828f00b64ba786d628a207597a105b2119a31673bd4405abc22fe4
masks/slide839.png,909,8415493fe337492d99a53f9195522b8fb0aa5e2f90042ff325ebf7238644e008
masks/slide841.png,1153,7ace172f0fc4a701981114fc0cea99aaf53d76730ba0283e809146d98f872da4
masks/slide845.png,2207,bea4b106cc81dccff229fae215169dc334d8f31d8ea5438c58a2c945738cd808
masks/slide849.png,1779,55fed0e6b7d1db14611f30579fb506c2e8474c3a1e65107baddde1933a0ac3ed
masks/slide850.png,1755,9326344af8a65bd8fc9b886f6a3145e833559cefb7145e41ec1528211420496d
masks/slide854.png,2192,666b8914d7b63735d680fd1442adaeede0850e831570e8eba1eac3fd225b1c01
masks/slide858.png,2232,6651dd797d7feefd4728c4c64019de1bdf26a299ccd7a74fc662fa0a3e6864c8
masks/slide862.png,1689,193ab04ce835e61a904cd3642080b8c735ca4d97a7361fcb3466b9a9e309753b
masks/slide865.png,2256,afbdb84aae831e2bfde91c251348db7d674bd481d2c601e6a0bfac7b6b1e8d21
masks/slide869.png,2182,e9f7957d2692aad95635e6e63dbb80f254f075bfbf84453ab507f47b19001023
masks/slide873.png,1063,a4dd2119c9dccd0a9bf05632a5970c1794e3ab098d85a424826896043f920b8f
masks/slide874.png,2034,61f8085491ddd0dd8e60a8578df57ab75074dad3b10b8d3ea04b10c7934c933e
masks/slide881.png,1959,8e012835eb689f58496658ae072f7875c11f9fea5d3792dee4ad326d27562ba7
masks/slide885.png,2006,fdcf21ae362cbfdc8f85d008e46ac7d8dc889d8383b8b37348b104de96f6da4a
masks/slide886.png,1109,3108d5729694173fa5320d0d97167bdf023bd6b0e244390130dbf6498369c8ab
masks/slide89.png,1991,55fe44f0bab84b92b5c9fa7c16a393bc1429ba709ff9a553618d049e186ae928
masks/slide898.png,1025,743ad4be7cbb516a137c6c55111dd4a61b06c69c7653de17553aa119351ee164
masks/slide899.png,1119,e3005ac50ac709c6cc69fc7f833b9762f9053f1bd71957e7fd5e002b2a8c2459
masks/slide90.png,694,b7d2e72e5f75e789478af095144db1132f1bf920ffcb8c536a2943742acfd490
masks/slide911.png,1180,776b0ed3c008498ce469940321cccb4f3ce0658fb9f5e78246e769e6eae47666
masks/slide918.png,1040,8e9a501868f169da2c7d7c3b18747e8dea63c10210e14561b4b445079b58f524
masks/slide919.png,922,81e6abb8de03579e1d6c202d3465c54a56a6de2bc53df3d09252387a8c1412b2
masks/slide92.png,1420,ba260c56301fab67a26c89b173652c3f19c060da4574f0dd962e4e465a521d81
masks/slide920.png,647,b3debad59d35f80e8b789bf7e8e9aae48636acf134d6f4d24e0df15a06cff41c
masks/slide921.png,504,f3baff085a23be56775812537027ce7d95e1431ecc8bbe5dd7461c35e91609cc
masks/slide922.png,781,22944aa8dc0d1e199ed004bc986a5596b467702532f36b403fde71f68ce66e57
masks/slide923.png,955,3c2446b880bb96c239c34ec2c70fcf413663388f1f6f808c60b24e47921994b8
masks/slide929.png,1119,f7c5d8f9f278428f17a329fac81c6c2d77ea82616542cf0759d5ff5307766062
masks/slide93.png,985,033191171bd5fb16e9ecfcd6e8632af582987e2a64ec8d7d6a5e526733366a9e
masks/slide930.png,1161,3904b933335936bb0118cea8f35fb4f4a1473701b5cbc995511b0bc754080382
masks/slide934.png,1864,f75357c284ad5cf5e2145cd888e47a0791d2faa4dc413beaceb4bfa878d0a16b
masks/slide938.png,1459,bf4fffd358a7f9451f919512da59fe9c8e2ad1c8c5ca778fddb45e7e5d6a104a
masks/slide942.png,1666,344156ca4b7cb272918a73a729781795a7e077a05a40c22886aac3bf65962b64
masks/slide946.png,1511,c7298e65ed4c7a1626e8eb47a1be0fcbcc1bc82ea5346de7e071cb2d9800f23e
masks/slide954.png,1467,57674973bb92736df23ca21246856b505ae8a21b404987ddbdc5d4d4e67081cf
masks/slide958.png,1642,1dcd64591cf3afa2854884c72ef69af44972e483a6cc1692d40370387d45cbd8
masks/slide962.png,1790,a207b134069c8d7ca94dfd6840e71dbfcf38b234146a15d79fad8cb0fbba2aa7
masks/slide965.png,409,5b3ee92db8315a462cb076835a30a38617dba7c38f0d2045a70150963cb8b551
masks/slide966.png,1265,64c7c15a72a5f9c30ab1b3110284b213e586acb484672891982dc0524f833924
masks/slide978.png,1855,fa2718b8e697660802618969d4619502f1f9abf8ae0e0a4d0481a7c544d0ea42
masks/slide982.png,1135,61c009e0c08a1ecfdc6596ca733b37b04af29501a13b5697199e7ce96be214c3
masks/slide990.png,961,f14411f3f81bd00d1cc492e12a632ece14ab2e24320d8ffbbf4459fc69dc9fa5
